Name,auction_value
Kay Robles,-inf
Ian Petrutz,-inf
Tommy Troy,-inf
Mike Jarvis,-inf
Jeremiah Jackson,-inf
Scott Bandura,-inf
Andy Lugo,-inf
Danny De Andrade,-inf
Braedon Karpathios,-inf
Joe Redfield,-inf
Angel Ortiz,-inf
William Lugo,-inf
Yohander Martinez,-inf
Caleb Cali,-inf
Josh Breaux,-inf
Aidan Smith,-inf
Caleb Hobson,-inf
Marco Vargas,-inf
Cooper Pratt,-inf
Quincy Scott,-inf
Welbyn Francisca,-inf
Juan Baez,-inf
David Smith,-inf
Drew Lugbauer,-inf
Oliver Carrillo,-inf
Quinn McDaniel,-inf
Jay Beshears,-inf
Tommy Hawke,-inf
Wade Stauss,-inf
Narbe Cruz,-inf
Miguel Rodríguez,-inf
Alex Mooney,-inf
Jose Perez,-inf
Trevor Boone,-inf
Connor Pavolony,-inf
Robert Calaz,-inf
Boston Baro,-inf
William Simoneit,-inf
Will Banfield,-inf
Michael Trautwein,-inf
Ronald Rosario,-inf
Cam Smith,-inf
Logan Cerny,-inf
Kevin Parada,-inf
Jalen Battles,-inf
Jadiel Sanchez,-inf
Daniel Mateo,-inf
John Garcia,-inf
Jheremy Vargas,-inf
Matt O'Neill,-inf
Bryan Rincon,-inf
Ahbram Liendo,-inf
Peyton Graham,-inf
Dylan Campbell,-inf
Jacob Nottingham,-inf
Ryan Wrobleski,-inf
Eduardo Quintero,-inf
Tyler Tolve,-inf
Connor Charping,-inf
Dereck Salom,-inf
Arturo Disla,-inf
Dylan Dreiling,-inf
Wes Kath,-inf
Johnny Ascanio,-inf
Elijah Nunez,-inf
Mac McCroskey,-inf
Milkar Perez,-inf
EJ Andrews Jr.,-inf
Alex Iadisernia,-inf
Christian Knapczyk,-inf
Konner Piotto,-inf
Roynier Hernandez,-inf
Leandro Arias,-inf
Marcus Smith,-inf
Misael Urbina,-inf
Colby Halter,-inf
Ryan Wilson,-inf
Bo Davidson,-inf
Jake Gelof,-inf
Yeison Morrobel,-inf
Ryan Lasko,-inf
Sahid Valenzuela,-inf
Miguel Villarroel,-inf
Esteban Gonzalez,-inf
Carlos Jorge,-inf
Alexander Vargas,-inf
Sebastián  Rivero,-inf
Jack Payton,-inf
Jack Hurley,-inf
Blake Robertson,-inf
Branden Boissiere,-inf
Poncho Ruiz,-inf
Jacob Godman,-inf
Gabriel Moncada,-inf
Kevyn Castillo,-inf
Andrew Jenkins,-inf
Cole Conn,-inf
Paul Witt,-inf
George Lombard Jr.,-inf
Mark Coley II,-inf
Jacob Sharp,-inf
Nelly Taylor,-inf
Jordan Dissin,-inf
Christopher Familia,-inf
Jeral Perez,-inf
Skyler Messinger,-inf
Jalen Vasquez,-inf
Ian Moller,-inf
Jace Avina,-inf
Roismar Quintana,-inf
Cody Morissette,-inf
Enmanuel Tejeda,-inf
Charlie Szykowny,-inf
Bryson Horne,-inf
Josh Rivera,-inf
Colby Smelley,-inf
Hudson Head,-inf
Franklin Barreto,-inf
Jesus Bugarin,-inf
Jose Izarra,-inf
Jansel Luis,-inf
Cristian Santana,-inf
Anthony Gutierrez,-inf
Josh Hood,-inf
Dalvy Rosario,-inf
Carlos Rojas,-inf
Kevin Kilpatrick Jr.,-inf
Tony Bullard,-inf
Brody Moore,-inf
Albert Fabian,-inf
Jose Mujica,-inf
Jaden Rudd,-inf
Nick Biddison,-inf
Willy Vasquez,-inf
Zach Levenson,-inf
Vaun Brown,-inf
Hayden Senger,-inf
Myles Emmerson,-inf
Jordan Nwogu,-inf
Casey Yamauchi,-inf
Bryce Teodosio,-inf
Wilfredo Lara,-inf
Ryan Galanie,-inf
Cade Bunnell,-inf
TT Bowens,-inf
Carter Bins,-inf
Adam Zebrowski,-inf
Drake Osborn,-inf
Noah Myers,-inf
Danny Bautista Jr.,-inf
Je'Von Ward,-inf
Eduardo Lopez,-inf
Wyatt Hendrie,-inf
Bubba Alleyne,-inf
Bennett Hostetler,-inf
Sandy León,-inf
Gavin Conticello,-inf
Mason Auer,-inf
Lucas Dunn,-inf
Kevin Maitan,-inf
Nick Lorusso,-inf
Spencer Nivens,-inf
Druw Jones,-inf
Braylen Wimmer,-inf
Jace Grady,-inf
Manuel Pena,-inf
Robert Brooks,-inf
Loidel Chapelli,-inf
Torin Montgomery,-inf
Jose Torres,-inf
Brian Serven,-inf
Landon Wallace,-inf
Zach Cole,-inf
Zach Arnold,-inf
Edwin Arroyo,-inf
Jared Sundstrom,-inf
Zavier Warren,-inf
DJ Gladney,-inf
Victor Arias,-inf
Nick Schnell,-inf
Kevin Made,-inf
Collin Burns,-inf
Bryant Betancourt,-inf
Jesus Valdez,-inf
Hogan Windish,-inf
Clark Elliott,-inf
Jackson Cluff,-inf
Moisés Gómez,-inf
Jose Cordova,-inf
Ryan Ward,-inf
Carlos Renzullo,-inf
Caeden Trenkle,-inf
Pascanel Ferreras,-inf
Rubel Cespedes,-inf
Ethan O'Donnell,-inf
Kenny Piper,-inf
Ronny Hernandez,-inf
Will Robertson,-inf
Kale Emshoff,-inf
Jake Fox,-inf
Brady Allen,-inf
Jared Dickey,-inf
David Bañuelos,-inf
Brennan Orf,-inf
Mac Horvath,-inf
Ricardo Genovés,-inf
Alexander Albertus,-inf
Victor Ortega,-inf
Francisco Acuna,-inf
Cristian Hernandez,-inf
Karson Simas,-inf
Casey Opitz,-inf
Elio Prado,-inf
Christopher Suero,-inf
Jacob Wetzel,-inf
Nelson Quiroz,-inf
Max Anderson,-inf
Bryan Gonzalez,-inf
Kai Murphy,-inf
Anthony Mulrine,-inf
Jack Rogers,-inf
Emaarion Boyd,-inf
Cole Cummings,-inf
Cortland Lawson,-inf
Carter Young,-inf
Josh Moylan,-inf
Jeremy De La Rosa,-inf
Chase Davis,-inf
Brady Lindsly,-inf
Gregory Barrios,-inf
Isaiah Greene,-inf
René Pinto,-inf
Starlyn Caba,-inf
Sebastian Walcott,-inf
Kendall George,-inf
Garrett Spain,-inf
Ralphy Velazquez,-inf
Wuilfredo Antunez,-inf
Jonah Cox,-inf
Ethan Wilson,-inf
Geovanny Planchart,-inf
Austin Callahan,-inf
Jean Ramirez,-inf
Robby Martin Jr.,-inf
Erick Torres,-inf
Justin Riemer,-inf
Jose Sanabria,-inf
Cade Fergus,-inf
Bryce Willits,-inf
Viandel Pena,-inf
Luke Shliger,-inf
Roberto Campos,-inf
Jesus Castillo,-inf
Jim Jarvis,-inf
Jefferson Rojas,-inf
Cooper Kinney,-inf
Kade Kretzschmar,-inf
Junior Franco,-inf
Matt Hogan,-inf
Chad Stevens,-inf
Jesus Ordonez,-inf
Yordys Valdes,-inf
Ben Ross,-inf
Johnfrank Salazar,-inf
Omar Alfonzo,-inf
Franklin Arias,-inf
Devin Ortiz,-inf
Will Wilson,-inf
Denzer Guzman,-inf
Aidan Miller,-inf
Andy Perez,-inf
Junior Perez,-inf
Joshua Kuroda-Grauer,-inf
Hunter Bishop,-inf
Tyresse Turner,-inf
Everett Cooper III,-inf
Luis Reyes,-inf
Jesus Hernandez,-inf
Luis Caicuto,-inf
Thomas Sosa,-inf
Samuel Munoz,-inf
Yordany De Los Santos,-inf
Jeral Toledo,-inf
John Gil,-inf
Yerlin Confidan,-inf
Carlos Sanchez,-inf
Miguel Ugueto,-inf
Alfredo Duno,-inf
Brayden Jobert,-inf
Ryan Cermak,-inf
Isaac Pena,-inf
Luis Sanchez,-inf
Eddy Rodriguez,-inf
Garrett Martin,-inf
Alexis Hernandez,-inf
Enmanuel Terrero,-inf
Devin Saltiban,-inf
Ian Lewis,-inf
Bryson Worrell,-inf
D'Andre Smith,-inf
Juan Montero,-inf
Juan Chacon,-inf
Lonnie White Jr.,-inf
Hector Osorio,-inf
Dom Johnson,-inf
Nick Vogt,-inf
Graysen Tarlow,-inf
Yohairo Cuevas,-inf
Derlin Figueroa,-inf
Raudelis Martinez,-inf
Antonio Gomez,-inf
Ty Duvall,-inf
Kyle Hess,-inf
Esmerlyn Valdez,-inf
Anthony Scull,-inf
Jordan Thompson,-inf
D.J. Stewart,-inf
Fraymi De Leon,-inf
Carlos Jimenez,-inf
Jake Vogel,-inf
Arol Vera,-inf
Jesus Baez,-inf
Josue Gonzalez,-inf
Samuel Gil,-inf
Jeremy Eierman,-inf
Luis Merejo,-inf
Brett Roberts,-inf
Brock Jones,-inf
Gleider Figuereo,-inf
Felix Reyes,-inf
Ethan Long,-inf
Juan Corniel,-inf
Luke Mann,-inf
Anthony Sherwin,-inf
T.J. White,-inf
Casey Saucke,-inf
Mikey Kane,-inf
Kemp Alderman,-inf
Jordan Sprinkle,-inf
Willy Montero,-inf
Johnny Tincher,-inf
Jonny Farmelo,-inf
Esmith Pineda,-inf
Jhonny Perdomo,-inf
Ryan Nicholson,-inf
Steven Leyton,-inf
Carter Graham,-inf
Narciso Polanco,-inf
Aramis Garcia,-inf
Peter Burns,-inf
Garret Forrester,-inf
Jefferson Valladares,-inf
Kadon Morton,-inf
Tomas Frick,-inf
Kenny Castillo,-inf
Anderson De Los Santos,-inf
Angel Del Rosario,-inf
Garret Guillemette,-inf
Jake Anchia,-inf
Kalae Harrison,-inf
Robert Lopez,-inf
Cristian Gonzalez,-inf
Tyler Whitaker,-inf
Kamren James,-inf
Eduardo Tait,-inf
Aneudis Mordán,-inf
Luis Castillo,-inf
Josiah Sightler,-inf
Eduardo Guerrero,-inf
Waner Luciano,-inf
Alexander Ramirez,-inf
Abrahan Ramirez,-inf
Nick Goodwin,-inf
Josh Adamczewski,-inf
Dameury Pena,-inf
Tevin Tucker,-inf
Jose Salas,-inf
Miguel Sosa,-inf
Natanael Yuten,-inf
Gavin Dugas,-inf
Caden Rose,-inf
Kehden Hettiger,-inf
Ty Hanchey,-inf
Joe Olsavsky,-inf
Yiddi Cappe,-inf
Angel Tejada,-inf
Marvin Alcantara,-inf
Jose De Jesus,-inf
Antonis Macias,-inf
Jordan Viars,-inf
Logan Tanner,-inf
Juan Flores,-inf
Kevin Sim,-inf
Jake DeLeo,-inf
Adriander Mejía,-inf
Maxwell Romero Jr.,-inf
Edgar Alvarez,-inf
Jefrey De Los Santos,-inf
Capri Ortiz,-inf
Luis Suisbel,-inf
Jeremy Ciriaco,-inf
Will Verdung,-inf
Randy De Jesus,-inf
Jancel Villarroel,-inf
Jake Cunningham,-inf
Izaac Pacheco,-inf
Nolan McLean,-inf
Luis Durango,-inf
Luis Chevalier,-inf
Jose Ramos,-inf
Leonel Espinoza,-inf
Calvin Harris,-inf
Modeifi Marte,-inf
Leo Balcazar,-inf
Brock Vradenburg,-inf
Coby Morales,-inf
Albertson Asigen,-inf
Cole Turney,-inf
Jay Harry,-inf
Edward Duran,-inf
Jack Costello,-inf
Bill Knight,-inf
T.J. Schofield-Sam,-inf
Felix Tena,-inf
Jorge Ruiz,-inf
Jackson Hornung,-inf
C.J. Stubbs,-inf
Werner Blakely,-inf
Sammy Stafura,-inf
Ben Ramirez,-inf
Harrison Spohn,-inf
Troy Schreffler,-inf
Darlin Moquete,-inf
Juan Benjamin,-inf
Jean Carlos Sio,-inf
Ed Howard,-inf
Daniel Guilarte,-inf
Trevor Werner,-inf
Yeremi Cabrera,-inf
Andruw Musett,-inf
Anthony Servideo,-inf
Tre Richardson,-inf
Ricardo Cabrera,-inf
Rafael Morel,-inf
Kenni Gomez,-inf
Luis Mendez,-inf
Kiko Romero,-inf
Zyhir Hope,-inf
Tyler Robertson,-inf
Junior Tilien,-inf
Elis Cuevas,-inf
Ryan Higgins,-inf
Carson Roccaforte,-inf
Luke Gold,-inf
Cutter Coffey,-inf
Patrick Lee,-inf
Michael Curialle,-inf
Jose Fernandez,-inf
Joshua Mears,-inf
Miguel Bleis,-inf
Lizandro Rodriguez,-inf
Dylan Shockley,-inf
Victor Acosta,-inf
Rayne Doncon,-inf
Won-Bin Cho,-inf
Jose Escobar,-inf
Stephen Paolini,-inf
Daniel Vazquez,-inf
Colby Shade,-inf
Ronald Hernandez,-inf
CJ Rodriguez,-inf
E.J. Exposito,-inf
Nate Baez,-inf
Jason Matthews,-inf
Kaelen Culpepper,-inf
Tyler Hardman,-inf
Keiner Delgado,-inf
Aeverson Arteaga,-inf
Chase Adkison,-inf
Colton Ledbetter,-inf
Dylan Jasso,-inf
Cade Hunter,-inf
Gage Miller,-inf
Luis Escudero,-inf
Dario Laverde,-inf
Alejandro Nunez,-inf
Anyelo Encarnacion,-inf
JJ Wetherholt,-inf
Jose Devers,-inf
Nerwilian Cedeño,-inf
Jean Perez,-inf
Jason Hinchman,-inf
Echedry Vargas,-inf
Oswaldo Linares,-inf
Wilder Dalis,-inf
Jared McKenzie,-inf
Daniel Flames,-inf
Kevin Bruggeman,-inf
Sam Mongelli,-inf
Filippo Di Turi,-inf
Sam Praytor,-inf
Austin Charles,-inf
Omar Hernandez,-inf
Austin Hendrick,-inf
Jackson Feltner,-inf
Hunter Fitz-Gerald,-inf
Luis Valdez,-inf
Leodalis De Vries,-inf
Adrian De Leon,-inf
Rosman Verdugo,-inf
Jose Meza,-inf
Dionmy Salon,-inf
Cameron Cauley,-inf
Manuel Palencia,-inf
Brenny Escanio,-inf
Edwin Amparo,-inf
Blake Mitchell,-inf
Miguel Briceno,-inf
Anthony Hall,-inf
John Peck,-inf
Isaac De León,-inf
Brett Callahan,-inf
Trey Paige,-inf
Lisbel Diaz,-inf
Ruben Santana,-inf
Shawn Ross,-inf
Thomas Gavello,-inf
Bryce Arnold,-inf
Rodolfo Nolasco,-inf
Yophery Rodriguez,-inf
Kyle Nevin,-inf
Anderdson Rojas,-inf
Noelberth Romero,-inf
Jack Moss,-inf
Alexander Suarez,-inf
Aldalay Kolokie,-inf
Luke Brown,-inf
Yhoswar Garcia,-inf
Roque Salinas,-inf
Murphy Stehly,-inf
Bennett Lee,-inf
Joshua Baez,-inf
Gavin Logan,-inf
Sammy Hernandez,-inf
Caleb Ketchup,-inf
Tatem Levins,-inf
Ethan Salas,-inf
Manuel Beltre,-inf
Roc Riggio,-inf
Onil Perez,-inf
Chance Sisco,-inf
Jesús Bastidas,-inf
Blaine Crim,-inf
Nathan Hickey,-inf
Justin Wishkoski,-inf
BJ Murray Jr.,-inf
Brennen Davis,-inf
Brewer Hicklen,-inf
Jeferson Morales,-inf
Andrew Pintar,-inf
Andy Weber,-inf
Ryan Kreidler,-inf
Braden Shewmake,-inf
Douglas Hodo III,-inf
Shayne Fontana,-inf
Caleb Roberts,-inf
Matt Lloyd,-inf
Kevin McGonigle,-inf
Charles McAdoo,-inf
Matt Kroon,-inf
Jordan Diaz,-inf
Walker Jenkins,-inf
Jhostynxon Garcia,-inf
Yunior Severino,-inf
Otto Kemp,-inf
Jack Blomgren,-inf
Imanol Vargas,-inf
Aaron Zavala,-inf
R.J. Yeager,-inf
Stephen Scott,-inf
Roman Quinn,-inf
Terrell Tatum,-inf
Tsung-Che Cheng,-inf
Myles Straw,-inf
Nick Podkul,-inf
Kyler Fedko,-inf
Yohandy Morales,-inf
Braxton Fulford,-inf
Darick Hall,-inf
TJ Hopkins,-inf
Yeiner Fernandez,-inf
Ronaiker Palma,-inf
Nelson Rada,-inf
Yanquiel Fernandez,-inf
Samad Taylor,-inf
Tyler Dearden,-inf
David Villar,-inf
Owen Miller,-inf
Luke Adams,-inf
Kyle Karros,-inf
Jason Krizan,-inf
Dru Baker,-inf
Travis Swaggerty,-inf
Tucker Flint,-inf
Josue De Paula,-inf
Ernesto Martinez Jr.,-inf
Carter Howell,-inf
Jonathan Ornelas,-inf
Will Simpson,-inf
Noah Cardenas,-inf
Yonny Hernández,-inf
John Rave,-inf
Rafael Flores,-inf
Ramón Rodríguez,-inf
Daylen Lile,-inf
Allan Castro,-inf
David McCabe,-inf
Gavin Cross,-inf
Gabriel Rincones Jr.,-inf
Malcom Nuñez,-inf
Maverick Handley,-inf
Daniel Cabrera,-inf
Warming Bernabel,-inf
Jaison Chourio,-inf
Yamal Encarnacion,-inf
Frederick Bencosme,-inf
Cam Devanney,-inf
Jac Caglianone,-inf
Nic Kent,-inf
Tyler Callihan,-inf
Tommy Sacco Jr.,-inf
A.J. Vukovich,-inf
Colin Moran,-inf
Brian O'Keefe,-inf
Gavin Collins,-inf
Michael Turconi,-inf
Jack Pineda,-inf
Carlos Cortes,-inf
Tanner Murray,-inf
Ramon Mendoza,-inf
Eddys Leonard,-inf
Alex Isola,-inf
Eliezer Alfonzo,-inf
Chase Strumpf,-inf
Wes Clarke,-inf
Quincy McAfee,-inf
Kody Huff,-inf
Tristin English,-inf
Kristian Robinson,-inf
Austin Nola,-inf
Joe Lampe,-inf
Payton Henry,-inf
Austin Murr,-inf
Jax Biggers,-inf
Cody Milligan,-inf
David Fletcher,-inf
Ronny Simon,-inf
Ben Williamson,-inf
Zach Zubia,-inf
Luca Tresh,-inf
César Prieto,-inf
Nathan Martorella,-inf
Drew Avans,-inf
Corey Rosier,-inf
Matthew Etzel,-inf
Andrew Kachel,-inf
Sam Huff,-inf
Paul McIntosh,-inf
Abimelec Ortiz,-inf
Geraldo Quintero,-inf
Zach Kokoska,-inf
Hudson Haskin,-inf
Hendry Mendez,-inf
Raynel Delgado,-inf
Andrick Nava,-inf
Rainer Nunez,-inf
Diego Velasquez,-inf
Armando Alvarez,-inf
Cole Carrigg,-inf
Drew Ehrhard,-inf
Riley Unroe,-inf
Jacob Amaya,-inf
Nick Dini,-inf
Matt Higgins,-inf
Riley Tirotta,-inf
AJ Lewis,-inf
T.J. Rumfield,-inf
Conner Capel,-inf
Jacob Robson,-inf
Drew Gilbert,-inf
Jake Holton,-inf
Jesus Rodriguez,-inf
Francisco Urbaez,-inf
Nick Martini,-inf
Blake Dunn,-inf
Turner Hill,-inf
Ismael Munguia,-inf
Enrique Bradfield Jr.,-inf
Pablo Reyes,-inf
Matt Beaty,-inf
Jack Dunn,-inf
Braiden Ward,-inf
Ryan Ritter,-inf
César Salazar,-inf
Kenedy Corona,-inf
Sergio Alcántara,-inf
Harry Ford,-inf
Logan Driscoll,-inf
Grae Kessinger,-inf
Hoy Park,-inf
Blake Sabol,-inf
C.J. Kayfus,-inf
Juan Guerrero,-inf
Matthew Lugo,-inf
Osleivis Basabe,-inf
Jett Williams,-inf
Hao-Yu  Lee,-inf
Victor Mesa Jr.,-inf
Steward Berroa,-inf
Guy Lipscomb,-inf
Livan Soto,-inf
Seby Zavala,-inf
Alika Williams,-inf
Mario Camilletti,-inf
Mike Boeve,-inf
Brett Bateman,-inf
Casey Schmitt,-inf
Dalton Rushing,-inf
Jeferson Quero,-inf
Everson Pereira,-inf
Hunter Feduccia,-inf
Nick Solak,-inf
Anthony Prato,-inf
Benjamin Cowles,-inf
Nate Furman,-inf
Miles Mastrobuoni,-inf
Johnathan Rodriguez,-inf
Gino Groover,-inf
Christian Franklin,-inf
Jahmai Jones,-inf
Jordan Groshans,-inf
Yonathan Perlaza,-inf
Vimael Machín,-inf
Robert Hassell III,-inf
Phillip Glasser,-inf
George Valera,-inf
Termarr Johnson,-inf
Spencer Packard,-inf
Christian Cerda,-inf
Vinny Capra,-inf
Edward Olivares,-inf
Justin Foscue,-inf
Petey Halpin,-inf
Charles Leblanc,-inf
Xavier Isaac,-inf
Alex Freeland,-inf
Sammy Siani,-inf
Blake Rambusch,-inf
Christian Cairo,-inf
Jake Thompson,-inf
Sterlin Thompson,-inf
Carson Taylor,-inf
Nathan Church,-inf
Ryan Clifford,-inf
Luke Waddell,-inf
Trevor Hauver,-inf
Nick Cimillo,-inf
Kobe Kato,-inf
Justice Bigbie,-inf
Joey Meneses,-inf
Michael Turner,-inf
Sal Stewart,-inf
Shane Sasaki,-inf
Jake Alu,-inf
Tristan Peters,-inf
Carter Kieboom,-inf
Darius Hill,-inf
Jeisson Rosario,-inf
Hayden Cantrelle,-inf
Blaze Jordan,-inf
Wyatt Young,-inf
Donovan Walton,-inf
Ryan Vilade,-inf
Anthony Seigler,-inf
Dylan O'Rae,-inf
Carter Jensen,-inf
Heriberto Hernandez,-inf
Cadyn Grenier,-inf
Ripken Reyes,-inf
Benny Montgomery,-inf
Romeo Sanabria,-inf
Dylan Beavers,-inf
Troy Johnston,-inf
Ricardo Olivar,-inf
Brandon Valenzuela,-inf
Matt Rudick,-inf
Corey Joyce,-inf
Tucupita Marcano,-inf
James Triantos,-inf
Akil Baddoo,-inf
Justin Crawford,-inf
Kellen Strahm,-inf
Josh Kasevich,-inf
Logan Porter,-inf
JT Schwartz,-inf
Tres Gonzalez,-inf
Alejandro Osuna,-inf
Luke Ritter,-inf
Samuel Basallo,-inf
Cal Mitchell,-inf
Brennan Milone,-inf
Dominic Keegan,-inf
Kody Clemens,-inf
Jimmy Herron,-inf
Stone Garrett,-inf
Rhylan Thomas,-inf
Darrien Miller,-inf
Aaron McKeithan,-inf
Jeremy Arocho,-inf
Kevin Alcántara,-inf
Peyton Wilson,-inf
Shane McGuire,-inf
Kyren Paris,-inf
Kala'i Rosario,-inf
Ethan Workinger,-inf
Ali Sánchez,-inf
David Martin,-inf
Jairo Pomares,-inf
Jesse Franklin V,-inf
Silas Ardoin,-inf
Kervin Pichardo,-inf
Drew Swift,-inf
Cody Freeman,-inf
Jair Camargo,-inf
Dakota Harris,-inf
Yoelqui Céspedes,-inf
Brenden Dixon,-inf
Jud Fabian,-inf
Willie MacIver,-inf
Kelvin Melean,-inf
Max Wagner,-inf
Cooper Johnson,-inf
Phillip Sikes,-inf
Gabriel Gonzalez,-inf
Diego Cartaya,-inf
Dustin Dickerson,-inf
Colt Emerson,-inf
Diego Hernandez,-inf
Jacob Berry,-inf
Patrick Winkel,-inf
Chad Bell,-inf
Luis Baez,-inf
Ben Gobbel,-inf
Caden Connor,-inf
Jack Winkler,-inf
Errol Robinson,-inf
Omar Martinez,-inf
Zach Daniels,-inf
Andy Thomas,-inf
Pablo Aliendo,-inf
Mikey Romero,-inf
Henry Bolte,-inf
L.J. Jones,-inf
David García,-inf
Josh Zamora,-inf
Spencer Jones,-inf
Jay Allen II,-inf
Cade Doughty,-inf
Kody Hoese,-inf
Mat Nelson,-inf
Adrian Pinto,-inf
Kaden Polcovich,-inf
J.T. Arruda,-inf
Aron Estrada,-inf
Alan Trejo,-inf
Jose Ramos,-inf
Griffin Lockwood-Powell,-inf
Logan Davidson,-inf
Austin Deming,-inf
Jorge Burgos,-inf
Chuckie Robinson,-inf
Euribiel Angeles,-inf
Jase Bowen,-inf
Cole Roederer,-inf
Jordyn Adams,-inf
Chris Williams,-inf
Anthony Vilar,-inf
Gabriel Martinez,-inf
Danny Serretti,-inf
Jonny Butler,-inf
Aaron Bracho,-inf
Ivan Melendez,-inf
Pedro Ramirez,-inf
Max Clark,-inf
Cam Collier,-inf
Hector Rodriguez,-inf
Rowdey Jordan,-inf
Eric Brown Jr.,-inf
Nate Nankil,-inf
Ryan McCarty,-inf
Cal Conley,-inf
Adam Hackenberg,-inf
Dominic Pitelli,-inf
Kevin Graham,-inf
Jack Brannigan,-inf
Grant Richardson,-inf
Nick Kahle,-inf
GJ Hill,-inf
Keyber Rodriguez,-inf
Sabin Ceballos,-inf
Mitch Jebb,-inf
Jackson Glenn,-inf
Aaron Sabato,-inf
Adrián Sugastey,-inf
Brendan Jones,-inf
Sam Brown,-inf
Luis Mieses,-inf
Nick Raposo,-inf
Connor Kaiser,-inf
Ethan Murray,-inf
Justin Johnson,-inf
Kahlil Watson,-inf
Reed Trimble,-inf
Blake Hunt,-inf
Josh Crouch,-inf
Jacob Reimer,-inf
Duke Ellis,-inf
Justin Janas,-inf
Tyler McDonough,-inf
Creed Willems,-inf
Tavian Josenberger,-inf
Tristan Gray,-inf
Kendall Simmons,-inf
Tyler Miller,-inf
Jean Walters,-inf
Matt Coutney,-inf
Bladimir Restituyo,-inf
Luis Ravelo,-inf
Homer Bush Jr.,-inf
Tucker Mitchell,-inf
Luis Encarnacion,-inf
Peyton Williams,-inf
Daniel Susac,-inf
Jared Wegner,-inf
Aidan Longwell,-inf
Chris Newell,-inf
Alex Ramírez,-inf
Brayan Buelvas,-inf
Jace Bohrofen,-inf
Pierce Bennett,-inf
Luis Lara,-inf
Jackson Castillo,-inf
John Rhodes,-inf
Felix Stevens,-inf
Brett Squires,-inf
Dalton Shuffield,-inf
Sonny DiChiara,-inf
Chandler Redmond,-inf
Seth Stephenson,-inf
Matt Gorski,-inf
Brett Auerbach,-inf
Andy Garriola,-inf
Brock Rodden,-inf
Michael Arroyo,-inf
Tucker Barnhart,-inf
Alex De Jesus,-inf
Alex Binelas,-inf
Chris Meyers,-inf
Jake Snider,-inf
Eli Wilson,-inf
José Azocar,-inf
José Rodríguez,-inf
Allan Cerda,-inf
Matt Fraizer,-inf
Angel Genao,-inf
Carlos Pérez,-inf
Jacob Buchberger,-inf
Chris Brito,-inf
Elijah Dunham,-inf
Samuel Zavala,-inf
Bligh Madris,-inf
Jacob Burke,-inf
Lazaro Montes,-inf
Jakson Reetz,-inf
Davis Wendzel,-inf
Shawn Goosenberg,-inf
Tanner Schobel,-inf
Thayron Liranzo,-inf
Cole Gabrielson,-inf
Johnny Olmstead,-inf
Brice Matthews,-inf
Jeron Williams,-inf
Tayden Hall,-inf
David Mershon,-inf
Haydn McGeary,-inf
Jeremy Rivas,-inf
Zach Humphreys,-inf
Travis Shaw,-inf
Cayden Wallace,-inf
Bob Seymour,-inf
Cade Marlowe,-inf
Cole Fontenelle,-inf
Taylor Young,-inf
Rodolfo Castro,-inf
Leonardo Bernal,-inf
Micah Pries,-inf
Jared Oliva,-inf
Tyreque Reed,-inf
Nick Morabito,-inf
Dom Nuñez,-inf
Rece Hinds,-inf
Keaton Anthony,-inf
Clay Dungan,-inf
Andrew Navigato,-inf
Trent Farquhar,-inf
Max Stassi,-inf
Mike Antico,-inf
Adam Hall,-inf
Zach Morgan,-inf
Jake Rucker,-inf
José Devers,-inf
Justice Thompson,-inf
Damon Keith,-inf
Trei Cruz,-inf
Colin Barber,-inf
Chris Sharpe,-inf
Yohendrick Pinango,-inf
Brayden Taylor,-inf
Leandro Pineda,-inf
Eddinson Paulino,-inf
Nate Eaton,-inf
William Bergolla,-inf
Max Ferguson,-inf
Justin Dean,-inf
Julio Carreras,-inf
Jonah Advincula,-inf
Daniel Cope,-inf
Noah Miller,-inf
Eric Yang,-inf
Collin Price,-inf
Marcos Castañon,-inf
Mason McCoy,-inf
Andrés Alvarez,-inf
Andrew Cossetti,-inf
Andrew Pinckney,-inf
Keshawn Ogans,-inf
J.J. D'Orazio,-inf
Carson McCusker,-inf
Eddie Park,-inf
Josh Hatcher,-inf
Cam Eden,-inf
Victor Mesa,-inf
CJ Alexander,-inf
Chris Rotondo,-inf
Jimmy Glowenke,-inf
Ben Malgeri,-inf
Ryan Ignoffo,-inf
Dyan Jorge,-inf
Joe Hudson,-inf
Adrian Placencia,-inf
Erick Brito,-inf
Evan White,-inf
David Calabrese,-inf
Tyler Tolbert,-inf
Will Holland,-inf
Maick Collado,-inf
Dasan Brown,-inf
Andres Sosa,-inf
Cristofer Torin,-inf
Robert Moore,-inf
Denzel Clarke,-inf
Milan Tolentino,-inf
Devonte Brown,-inf
Drew Compton,-inf
Ruben Ibarra,-inf
Damiano Palmegiani,-inf
Frainyer Chavez,-inf
Joe Mack,-inf
Jadher Areinamo,-inf
Dayan Frias,-inf
Caleb Ricketts,-inf
Parker Chavers,-inf
Freddy Zamora,-inf
Wilfred Veras,-inf
Victor Bericoto,-inf
Jorel Ortega,-inf
Luis Verdugo,-inf
Victor Labrada,-inf
Erick Mejia,-inf
Christian Koss,-inf
Marcus Lee Sang,-inf
Jacob Gonzalez,-inf
Demetrio Crisantes,-inf
Matt Donlan,-inf
Matthew Wood,-inf
Joe Naranjo,-inf
Nick Gordon,-inf
Miguel Palma,-inf
Ivan Johnson,-inf
Diego Mosquera,-inf
Josue Briceño,-inf
Braylin Tavera,-inf
Wilton Lara,-inf
Edgardo Ordonez,-inf
Aniel Mendoza,-inf
Erick Lara,-inf
Juan Ortega,-inf
Edward Lantigua,-inf
Josnaider Orellana,-inf
Domingo Batista,-inf
Daniel Bruzual,-inf
Jerffson Pena,-inf
Joswuill Rondon,-inf
Luis Fragoza,-inf
Jorge Quintana,-inf
Emil Turbi,-inf
Carlos Virahonda,-inf
Enmanuel Ramirez,-inf
Omar Urbina,-inf
Yosweld Vasquez,-inf
Daniel Campos,-inf
Antony Gomez,-inf
Esterling Rodriguez,-inf
Diwarys Encarnacion,-inf
Carlos Carrasquel,-inf
Dario Reynoso,-inf
Robin Ortiz,-inf
Christopher Espinola,-inf
Stiven Martinez,-inf
Luis Parababire,-inf
Emiliano Galan,-inf
Johan Barrios,-inf
Adriel Radney,-inf
Alexey Lumpuy,-inf
Angel Nieblas,-inf
Kevin Verde,-inf
Luis Frias,-inf
Carlos Silva,-inf
Spence Coffman,-inf
Henry Ramos,-inf
Andrés Nolaya,-inf
Jose Rivera,-inf
Claudiel Lantigua,-inf
Moises Alcala,-inf
Adrian Hoyte,-inf
Saul Gomez,-inf
Jancory De La Cruz,-inf
Karniel Pratt,-inf
Jancel Santana,-inf
Josue Brito,-inf
Eduardo Acevedo,-inf
Raynier Ramirez,-inf
Franklin Rojas,-inf
Frederik Jimenez,-inf
Alfredo Benzan,-inf
Ricardo Paez,-inf
Edgardo De Leon,-inf
Reylin Perez,-inf
Yaikel Mijares,-inf
Browm Martinez,-inf
Andry Batista,-inf
Leonardo Pineda,-inf
Alexander Mambel,-inf
Heison Sanchez,-inf
Angel Perez,-inf
Yoerny Junco,-inf
Drew Bowser,-inf
Carlos Sanchez,-inf
Kevin Dume,-inf
Yendry Rojas,-inf
Deward Tovar,-inf
Frandy Lafond,-inf
Luis Marinez,-inf
Carlos Altuve,-inf
Henniel Alcala,-inf
Brahian Silva,-inf
Jose Pirela,-inf
Israfell Bautista,-inf
Angel Gonzalez,-inf
Angel Rodriguez,-inf
Jose Contreras,-inf
Yaxson Lucena,-inf
Alex Acosta,-inf
Railin Familia,-inf
Yovanny Rodriguez,-inf
Eddson Martinez,-inf
Jonathan Rivero,-inf
Albert Jimenez,-inf
Anderson Machado,-inf
Bairon Ledesma,-inf
Omar Mejia,-inf
Luis Corobo,-inf
Breyias Dean,-inf
Rafael Martinez,-inf
Randy Perea,-inf
Dariel Arias,-inf
Aaron Pinero,-inf
Jose Fernandez,-inf
Rafael Castillo,-inf
Starlin Aguilar,-inf
Carlos Concepcion,-inf
Amauri Ramirez,-inf
Alexander Rincon,-inf
Arison Jimenez,-inf
Angel Brachi,-inf
Dennys Riera,-inf
Alfredo Alcantara,-inf
Edrei Campos,-inf
Moises Gallardo,-inf
Alessandro Duran,-inf
Cristopfer Gonzalez,-inf
Carlos Cordero,-inf
Justin Ramirez,-inf
Moises Valdez,-inf
Francisco Caldera,-inf
Bryan Martinez,-inf
Guillermo Batista,-inf
Marwin Rivero,-inf
Bernard Moon,-inf
Nestor Urbina,-inf
Reinaldo De La Cruz,-inf
Heudy Pena,-inf
Richard Ramirez,-inf
Yordani Martinez,-inf
Junior Aybar,-inf
Robert Perez,-inf
Simon Juan,-inf
Grenyerbert Velasquez,-inf
Angelo Hernandez,-inf
Pedro Blanco,-inf
Yemil Rosario,-inf
Frankeli Mesta,-inf
Yorfran Medina,-inf
Gery Holguin,-inf
Rafael Alvarez,-inf
Agustin Acosta,-inf
Bracewell Taveras,-inf
Josias Ramirez,-inf
Eduardo Rojas,-inf
Esteban Romero,-inf
Victor Cardoza,-inf
Reyli Mariano,-inf
Darvin Cruz,-inf
Stone Russell,-inf
Enrique Jimenez,-inf
Luis Puello,-inf
Adrian Rodriguez,-inf
Robert Puason,-inf
Rickardo Perez,-inf
Edgar Montero,-inf
Jose Marcano,-inf
Reminton Batista,-inf
Anibal Salas,-inf
Carlos  Garces,-inf
Willian Berti,-inf
Angel Cruz,-inf
Kleimir Lemos,-inf
Isael Arias,-inf
Yasmil Bucce,-inf
Brando Mayea,-inf
Ezequiel Surun,-inf
Yohander Linarez,-inf
Angel Cepeda,-inf
Yandel Ricardo,-inf
Yorvin Morla,-inf
Kedaur Trujillo,-inf
Yerlin Luis,-inf
Cesar Gonzalez,-inf
Jeffrey Mercedes,-inf
Adan Sanchez,-inf
Luis Martinez,-inf
Ramiro Dominguez,-inf
Cristian Perez,-inf
Alberto Barriga,-inf
Andres Valor,-inf
Anthony Marquez,-inf
Cristian Feliz,-inf
Erick Bautista,-inf
Carlos Tavares,-inf
Jhorvic Abreus,-inf
Yosneiker Rivas,-inf
Estivel Morillo,-inf
Moises De La Rosa,-inf
Kleyver Salazar,-inf
Alexander Benua,-inf
Jorgelys Mota,-inf
Dariel Garcia,-inf
Daiverson Gutierrez,-inf
Junior Marin,-inf
Andrews Sosa,-inf
Jose Urbina,-inf
Yerald Nin,-inf
Keiberg Camacaro,-inf
Andres Villafane,-inf
Alberto Mendez,-inf
Angelo Mora,-inf
Nick Peoples,-inf
Jose Tovar,-inf
Keiver Garcia,-inf
Esmil Valencia,-inf
Derwin Laya,-inf
Queni Pineda,-inf
Alberth Palma,-inf
Angel Feliz,-inf
Raylin Ramos,-inf
German Ramirez,-inf
Manuel German,-inf
Alfonzo Martinez,-inf
Gian Zapata,-inf
Pedro Ibarguen,-inf
Angel Guzman,-inf
Juan Villavicencio,-inf
Pascual Archila,-inf
Ismael Javier,-inf
Edgar Lugo,-inf
Toby Simmons,-inf
Miguel Tamares,-inf
Raimundo De Los Santos,-inf
Eduardo Ponce,-inf
Andru Arthur,-inf
Frederi Montero,-inf
Jhocsuanth Vargas,-inf
David Avitia,-inf
Pedro Dalmagro,-inf
Ricardo Pena,-inf
Jesus Machado,-inf
Jonathan Rangel,-inf
Tavano Baker,-inf
Xavier Guillen,-inf
Juanfel Peguero,-inf
Pablo Arosemena,-inf
Joshua Liranzo,-inf
Samuel Rojas,-inf
Kleiver Chauran,-inf
Luis Vicioso,-inf
Joswa Lugo,-inf
Jose Guerra,-inf
Luis Quesada,-inf
Handelfry Encarnacion,-inf
Curley Martha,-inf
Cherif Neymour,-inf
Edwin Brito,-inf
Yimmy Diaz,-inf
Carlos Pacheco,-inf
Misael Mojica,-inf
Liosward Marin,-inf
Sebastián De Los Santos,-inf
Carlos Cauro,-inf
Alexander Martinez,-inf
Samuel Gonzalez,-inf
Jonathan Linares,-inf
Marcos Terrero,-inf
Reiner Herrera,-inf
J.D. Gonzalez,-inf
Yairo Padilla,-inf
Yeisy Celesten,-inf
Jose Alpuria,-inf
Spencer Bramwell,-inf
Moises Bolivar,-inf
Kendry Chirinos,-inf
Nazzan Zanetello,-inf
Geuri Lubo,-inf
Joseph Tailor,-inf
Freider Rojas,-inf
Adrian Garcia,-inf
Antony Peguero,-inf
Joaquin Arias Jr.,-inf
Lisandro Bonifacio,-inf
Rafael Flores,-inf
Manolfi Jimenez,-inf
Jurdrick Profar,-inf
Jhoan Peguero,-inf
Gustavo Marquez,-inf
Winder Linares,-inf
Daniel Rojas,-inf
Edwardo Espinal,-inf
Carlos Rodríguez,-inf
Kevin Hacen,-inf
D'Angelo Tejada,-inf
Dexters Peralta,-inf
Moises Semerite,-inf
Francisco Loreto,-inf
Jose Castro,-inf
Osvaldo Heredia,-inf
Jose Castro,-inf
Belfi Rivera,-inf
Ramon Landaeta,-inf
Donovan McIntyre,-inf
Derniche Valdez,-inf
Angel Ventura,-inf
Joan Gutierrez,-inf
Victor Rodriguez,-inf
Adolfo Sanchez,-inf
Diego Felix,-inf
Leroy Escalante,-inf
Vicent Nunez,-inf
Khris Almonte,-inf
Juan Alvarez,-inf
Angel Aquino,-inf
Roiber Niazoa,-inf
Humberto Tiberi,-inf
Michael Martinez,-inf
Bryant Mendez,-inf
Manuel De Cesare,-inf
Jonathan Moya,-inf
Jesus Premoli,-inf
Abelardo Medrano,-inf
Louis Pierre,-inf
Juan Perez,-inf
Hojans Hernandez,-inf
Anderson Garcia,-inf
Deinys Gonzalez,-inf
Andy Acevedo,-inf
Isaac Ponce,-inf
Sebastian Cadiz,-inf
Arnold Prado,-inf
Kyle Henley,-inf
Greylin De La Paz,-inf
Andruw Salcedo,-inf
Cristofer Lebron,-inf
Carlos Rodriguez,-inf
John Zorrilla,-inf
Jorge Rodriguez,-inf
Yannic Walther,-inf
Ivan Sosa,-inf
Mairoshendrick Martinus,-inf
Johan Contreras,-inf
Jose Familia,-inf
Brayan Amoroso,-inf
Martin Gonzalez,-inf
Yensi Rivas,-inf
Alexander Garcia,-inf
Manni Ramirez,-inf
Jesus Gamez,-inf
Rafy Peguero,-inf
Carlos Batista,-inf
Breiny Ramírez,-inf
German Guilarte,-inf
Jesus Superlano,-inf
Yadimir Fuentes,-inf
Rocky Solano,-inf
Samuel Brito,-inf
Deshandro Tromp,-inf
John Santana,-inf
Martin Tamara,-inf
Elian Soto,-inf
Byron Castillo,-inf
Adrian Bello,-inf
Edwin Solano,-inf
Klendy Leen,-inf
Yohangel Moris,-inf
Vladi Guerrero,-inf
Eduardo Perez,-inf
Johmphy De La Cruz,-inf
Juan Espinal,-inf
Luis Bolivar,-inf
Helder Rosario,-inf
Cesar Mujica,-inf
Maylerson Casanova,-inf
Dawel Joseph,-inf
Diover De Aza,-inf
Raily Liriano,-inf
Jean C. Gutierrez,-inf
Kendrick Hernandez,-inf
Freiderman Aguilera,-inf
David Freitas,-inf
Ismael Del Rosario,-inf
Eddy Perez,-inf
Carlos De Sousa,-inf
Anderson Navas,-inf
Julio Valdez,-inf
Clay Winklaar,-inf
Cristobal Bena,-inf
Joandrew Pena,-inf
Zeus Nunez,-inf
Gabriel Guanchez,-inf
Brailin Pascual,-inf
Alejandro Loaiza,-inf
Bralyn Brazoban,-inf
Juan Martinez,-inf
Randy Guzman,-inf
Hendry Chivilli,-inf
Derek Cueto,-inf
Gustavo Beltran,-inf
Deuri Castillo,-inf
Anthony Huezo,-inf
Christian Saez,-inf
Jesus Lugo,-inf
Richard Meran,-inf
Jesus Abreu,-inf
Manuel Dos Passos,-inf
Frailin Yan,-inf
Alen Pineda,-inf
Luis Leones,-inf
Daniel Mielcarek,-inf
Joseph Sequera,-inf
Juan Colorado,-inf
Nelson Marin,-inf
Edgar Mota,-inf
Samuel Estevez,-inf
Jose Ramos,-inf
Janero Miller,-inf
Randy Martinez,-inf
Eduardo Herrera,-inf
Francisco Vilorio,-inf
Fabian Alcantara,-inf
Juan Obispo,-inf
Moises Febrillet,-inf
Denilson Aguila,-inf
Abel De Leon,-inf
Gabriel Cesa,-inf
Arfeni Batista,-inf
Francisco Garcia,-inf
Eddy Marmolejos,-inf
Yorman Licourt,-inf
Fabian Lopez,-inf
Elvis Rojas,-inf
Meylin De Leon,-inf
Fidel Montero,-inf
Guillermo Rosario,-inf
Enderson Asencio,-inf
Jairo Diaz,-inf
Javier Roman,-inf
Eduardo Oviedo,-inf
Leandro Morgado,-inf
Jhosmmel Zue,-inf
Wagnel Luna,-inf
Yahil Melendez,-inf
Manuel Cabrera,-inf
Lazaro Morales,-inf
Sheng-En Lin,-inf
Carlos Villarroel,-inf
Christofer Reyes,-inf
Ezequiel Pena,-inf
Hector Liriano,-inf
Jorge Ramirez,-inf
Pedro Tovar,-inf
Alejandro Blasco,-inf
Joenelly Van Der Linden,-inf
Alexander Garcia,-inf
Brayan Rijo,-inf
Engel Paulino,-inf
Evan Estevez,-inf
Franco Willias,-inf
Enmanuel Bonilla,-inf
Tony Ruiz,-inf
Santiago Prado,-inf
Geyber Blanco,-inf
Andres Torres,-inf
Railin Tejada,-inf
Carlos Gonzalez,-inf
Gregori Arias,-inf
Jose Torrez,-inf
Johan Estrada,-inf
Carlos Avila,-inf
Steven Madero,-inf
Alexander Requena,-inf
Douglas Glod,-inf
Robinson Chacon,-inf
Feldi Tavarez,-inf
Jason Hernandez,-inf
Edgar Alfonso,-inf
Victor Hurtado,-inf
Luis Ariza,-inf
Luis Almeyda,-inf
Justin Barry,-inf
Juan Martínez,-inf
Albert Alberto,-inf
Enyel Rosario,-inf
Reynaldo De La Paz,-inf
Jesus Castro,-inf
Frandy Duran,-inf
Juan Garcia,-inf
Eric Martinez,-inf
Dilan Granadillo,-inf
Renair Manrique,-inf
Romtres Cabrera,-inf
Anthony Tandron,-inf
Enmanuel Santos,-inf
Alexi Quiroz,-inf
Luis De La Cruz,-inf
Josi Novas,-inf
Juan Olmos,-inf
Carlos Matias,-inf
Luis Freitez,-inf
Franchely Silverio,-inf
Ariel Castro,-inf
Edwin Darville,-inf
Julian Hernandez,-inf
Jemone Nuel,-inf
Heriberto Caraballo,-inf
Justin Capellan,-inf
George Feliz,-inf
Jose Gerardo,-inf
Facundo Velasquez,-inf
Santiago Contreras,-inf
Gabriel Lopez,-inf
Yaisel Ramos,-inf
Albert Gutierrez,-inf
Bohan Adderley,-inf
Leandro Romero,-inf
Richard Matic,-inf
Alfredo Rodriguez,-inf
Jean Santana,-inf
Yunior Quezada,-inf
Santiago Pinto,-inf
Jose Marchan,-inf
Jaron Elkins,-inf
Eduarlin Tejeda,-inf
Sebastian De Andrade,-inf
Camilo Diaz,-inf
Estivenzon Montero,-inf
Moises Moreno,-inf
Miguel Rivera,-inf
Paulo Asprilla,-inf
Tony Blanco Jr.,-inf
David Carrera,-inf
Wuinder Torres,-inf
Kelvin Diaz,-inf
Santiago Ustariz,-inf
Estuar Suero,-inf
Neifi Vasquez,-inf
Jesus Torres,-inf
Haniel German,-inf
Phillando Williams,-inf
Angel Garcia,-inf
Yhoan Escalona,-inf
Joan Sierra,-inf
Wilmeyber Penuela,-inf
Moises Lopez,-inf
Daiber De Los Santos,-inf
Adrian Ibarra,-inf
Yancel Guerrero,-inf
Adbiel Feliz,-inf
Chad Delancey,-inf
Steven Santos,-inf
Marcelo Alcala,-inf
Jose Perez,-inf
Bryan Andrade,-inf
Daniel Gaitor,-inf
Jehancarlos Mendez,-inf
Kashon Conliffe,-inf
Ludwing Espinoza,-inf
Joan Delgado,-inf
Vladimir Asencio,-inf
Brayan Cota,-inf
Yidel Diaz,-inf
Jesmaylin Arias,-inf
Danny Gonzalez,-inf
Erny Orellana,-inf
Juan Sulbaran,-inf
Oscar Aponte,-inf
Antonio Pimentel,-inf
Ramon Peralta,-inf
Juan Machado,-inf
Edinson Duran,-inf
Arjun Nimmala,-inf
Johnathon Thomas,-inf
Elijah Hainline,-inf
John Cruz,-inf
Juan Gonzalez,-inf
Mitchell Daly,-inf
Jean Joseph,-inf
Alessander De La Cruz,-inf
Brooks Brannon,-inf
Ashly Andujar,-inf
Rodney Green,-inf
Yeiferth Castillo,-inf
Avinson Pinto,-inf
Kade Kern,-inf
Brennon McNair,-inf
Juneiker Caceres,-inf
Lamar King Jr.,-inf
Deivis Nadal,-inf
Yeiker Reyes,-inf
Eliesbert Alejos,-inf
Diego Omana,-inf
Jordan McCants,-inf
Maikol Orozco,-inf
Jorge Mendez,-inf
Yoeilin Cespedes,-inf
Alvin Guzman,-inf
Gabriel Rodriguez,-inf
Blayberg Diaz,-inf
Demetrio Nadal,-inf
Enderso Lira,-inf
Weston Eberly,-inf
Luis Guevara,-inf
Hans Montero,-inf
Roger Lasso,-inf
Jose Suarez,-inf
Carlos Arroyo,-inf
Manuel Sequera,-inf
Elian Rayo,-inf
Diomedes Hernandez,-inf
Renny Hidalgo,-inf
Reece Walling,-inf
Rafael Ramirez Jr.,-inf
Wady Mendez,-inf
Justin Gonzales,-inf
Ronny Ugarte,-inf
Danyer Cueva,-inf
Edwin Sanchez,-inf
Carlos Linarez,-inf
Luis Guanipa,-inf
Anderson Suriel,-inf
Rainiel Rodriguez,-inf
Nick Clarno,-inf
Solomon Maguire,-inf
Derek Bernard,-inf
Oswaldo Osorio,-inf
Erick Alvarez,-inf
Ambioris Tavarez,-inf
Geury Estevez,-inf
Nehomar Ochoa Jr.,-inf
Raimel Medina,-inf
Matt Suggs,-inf
Junior Garcia,-inf
Jirvin Morillo,-inf
Fernando Peguero,-inf
Johan Benitez,-inf
Jose Astudillo,-inf
Wilman Diaz,-inf
Javier Sanchez,-inf
Alcides Hernandez,-inf
Jjam Alvarez,-inf
Dervy Ventura,-inf
Julian Brock,-inf
Williams Wong,-inf
Gerardo Rodriguez,-inf
George Wolkow,-inf
Eriandys Ramon,-inf
Herlinton Herrera,-inf
Ryan Leitch,-inf
Marcos Torres,-inf
Cristhian Vaquero,-inf
Wyatt Hoffman,-inf
Nelson Beltran,-inf
Yoiber Ruiz,-inf
Myles Naylor,-inf
Luis Rodriguez,-inf
Arnaldo Lantigua,-inf
Nik McClaughry,-inf
Carson Jones,-inf
Tommy Specht,-inf
Adari Grant,-inf
Enzo Paulino,-inf
Esteban Mejia,-inf
Gregory Duran,-inf
Starlyn Nunez,-inf
Connor Burns,-inf
Kyle DeBarge,-inf
Darlyn Montero,-inf
Andrew Miller,-inf
Harold Gonzalez,-inf
Raylin Heredia,-inf
Freili Encarnacion,-inf
Yhoangel Aponte,-inf
Juan Castillo,-inf
Rafhlmil Torres,-inf
Maui Ahuna,-inf
Pablo Guerrero,-inf
Joseph Rodriguez,-inf
Robert Gonzalez,-inf
Elvis Rijo,-inf
Charlie Pagliarini,-inf
Angel Ramirez,-inf
Malvin Valdez,-inf
Yeremi Villahermosa,-inf
Tucker Toman,-inf
Jesus Lopez,-inf
Sandro Pereira,-inf
Anyelo Marquez,-inf
Trey Faltine,-inf
Robert Arias,-inf
Juan Matheus,-inf
Ronny Polanco,-inf
Robert Hipwell,-inf
Cole Foster,-inf
Brenner Cox,-inf
Eddy Isturiz,-inf
Nicandro Aybar,-inf
Carlos Caro,-inf
Frank Rodriguez,-inf
Drake Logan,-inf
Caleb Farmer,-inf
Juan Ortuno,-inf
John Michael Faile,-inf
Milo Rushford,-inf
Christian Gonzalez,-inf
Stanley Tucker,-inf
Nomar Fana,-inf
William Sullivan,-inf
Sean McLain,-inf
Alberto Rios,-inf
James Tibbs III,-inf
Cesar Quintas,-inf
Eduardo Valencia,-inf
Mario Gomez,-inf
Chase Jaworsky,-inf
Johan Macias,-inf
Drew Cavanaugh,-inf
Victor Duarte,-inf
Jose Colmenares,-inf
A.J. Ewing,-inf
Miguel Pabon,-inf
Dillon Head,-inf
Wilber Sanchez,-inf
Eduardo Garcia,-inf
Ethan Hearn,-inf
Justin Boyd,-inf
Cristian Arguelles,-inf
Colton Bender,-inf
Ariel Almonte,-inf
José Mejía,-inf
Yasser Mercedes,-inf
Brandon Pimentel,-inf
Marcus Brown,-inf
Kai Roberts,-inf
Yosy Galan,-inf
Axiel Plaz,-inf
Jhonny Severino,-inf
Yonatan Henriquez,-inf
Sergio Campana,-inf
Kevin Richards,-inf
Jose Cordoba,-inf
Archer Brookman,-inf
Kyle Hayes,-inf
Bryson Ware,-inf
Victor Rodrigues,-inf
Jacob Campbell,-inf
Antonio Anderson,-inf
Logan Wagner,-inf
Charlie Condon,-inf
Jose Paulino,-inf
Yael Romero,-inf
Anderson Fermin,-inf
Maikol Escotto,-inf
Angel Mateo,-inf
Diego Gonzalez,-inf
Guillermo Williamson,-inf
Jefferson Pena,-inf
Paulino Santana,-inf
Nikau Pouaka-Grego,-inf
Daniel Pena,-inf
Ricardo Cova,-inf
Yolfran Castillo,-inf
Tayler Aguilar,-inf
Adrian Santana,-inf
Roderick Arias,-inf
Jhon Diaz,-inf
Brian Kalmer,-inf
Yoander Rivero,-inf
Franyerber Montilla,-inf
Ismael Mena,-inf
Aldrin Lucas,-inf
Kyle Sinzza,-inf
Daniel McElveny,-inf
Johanfran Garcia,-inf
Randy Soto,-inf
Casey Martin,-inf
Caleb Bartolero,-inf
Byron Chourio,-inf
Ricardo Gonzalez,-inf
Fenwick Trimble,-inf
Manuel Mejias,-inf
Nick Lucky,-inf
Axel Sanchez,-inf
Eric Bitonti,-inf
Sergio Tapia,-inf
Hyungchan Um,-inf
Kevin Villavicencio,-inf
Kay-Lan Nicasia,-inf
Jared Thomas,-inf
Angel Guzman,-inf
Oswaldo Patino,-inf
Cesar Hernandez,-inf
Estarling Mercado,-inf
Alberto Hernandez,-inf
Samuel Escudero,-inf
Javier Herrera,-inf
Eriel Dihigo,-inf
Brandon Winokur,-inf
Javier Francisco,-inf
Maddux Houghton,-inf
Will Bush,-inf
Braylon Bishop,-inf
Alec Makarewicz,-inf
Luis Cova,-inf
Shalin Polanco,-inf
Joe Vetrano,-inf
Colin Davis,-inf
Karim Ayubi,-inf
Jesus Galiz,-inf
Ricardo Rosario,-inf
Wooyeoul Shin,-inf
Ryan Spikes,-inf
Alfredo Velásquez,-inf
Alfonsin Rosario,-inf
Justin Miknis,-inf
Jesus Made,-inf
Cameron Decker,-inf
Adam Retzbach,-inf
Aroon Escobar,-inf
Derik Alcantara,-inf
Omar De Los Santos,-inf
Rio Foster,-inf
Carlos Colmenarez,-inf
Barrett Riebock,-inf
Cam Fisher,-inf
Kelvin Hidalgo,-inf
Christian Olivo,-inf
Cristian Garcia,-inf
Armando Cruz,-inf
Clayton Campbell,-inf
Arxy Hernandez,-inf
Hedbert Perez,-inf
Tai Peete,-inf
Hunter Haas,-inf
Elio Campos,-inf
Beycker Barroso,-inf
Enderson Delgado,-inf
Malcolm Moore,-inf
Luis Pena,-inf
Jose De La Cruz,-inf
Luis De Leon,-inf
Nicolas Deschamps,-inf
David Beckles,-inf
Newremberg Rondon,-inf
Luis Aguilera,-inf
Jose Marcano,-inf
Javier Mogollon,-inf
Erick Peña,-inf
Lennyn Nunez,-inf
Bjay Cooke,-inf
Braylin Morel,-inf
Darian Castillo,-inf
Ichiro Cano,-inf
Jose Caguana,-inf
Alexis Hernandez,-inf
Felix Morrobel,-inf
Mario Baez,-inf
Jose D. Hernandez,-inf
Jarol Capellan,-inf
Nathaniel Ochoa Leyva,-inf
Walker Martin,-inf
Ricardo Hurtado,-inf
Enyervert Perez,-inf
Hector Salas,-inf
Leny Carela,-inf
Sandy Sanchez,-inf
Jose Anderson,-inf
Jose Aular,-inf
Javier Rivas,-inf
Vladi Gomez,-inf
Oliver Tejada,-inf
Ricson Gonzalez,-inf
Isaiah Drake,-inf
Yilber Herrera,-inf
Anthuan Valencia,-inf
Colin Houck,-inf
Jaeden Calderon,-inf
Raudy De Los Santos,-inf
Michael Guzman,-inf
Logan Glass,-inf
Jhonayker Ugarte,-inf
Elijah Green,-inf
Darison Garcia,-inf
Efren Teran,-inf
Michell Ojeda,-inf
Yeral Martinez,-inf
Luis Marquez,-inf
Carter Johnson,-inf
Jordan Sanchez,-inf
Braden Barry,-inf
Juan Aparicio,-inf
Jeffry Rosa,-inf
Hector Campusano,-inf
Leiker Figueroa,-inf
Avery Owusu-Asiedu,-inf
Kevin Rivas,-inf
Pedro Pineda,-inf
Roosbert Tapia,-inf
Kevin Novoa,-inf
Cruzmel Arias,-inf
Cam Magee,-inf
Alirio Ferrebus,-inf
Anderson Tovar,-inf
Iverson Espinoza,-inf
Cristian Jauregui,-inf
Enddy Azocar,-inf
Victor Leal,-inf
Jayson Bass,-inf
Jorge Julio,-inf
Yensi Reyes,-inf
Fernando Hernandez,-inf
Cleudis Valenzuela,-inf
Juan Hernandez,-inf
Edward Vargas,-inf
Sebastian Baquera,-inf
Diosfran Cabeza,-inf
Jose Cedeno,-inf
Maykel Minoso,-inf
Julio Zayas,-inf
Dashyll Tejeda,-inf
Johan Rodriguez,-inf
Carlos Monteverde,-inf
Anyelo Gonzalez,-inf
Heribert Silva,-inf
Givian Sirvania,-inf
Raynerd Ortega,-inf
Wilian Trinidad,-inf
Jhonson Pena,-inf
Andy Encarnacion,-inf
Jesus Pinto,-inf
Joel Mendez,-inf
Angel Mata,-inf
Abel Lorenzo,-inf
Heriberto Rincon,-inf
Abraham Cohen,-inf
Kelvin Alcantara,-inf
Kevin Ereu,-inf
Jayden Felicia,-inf
Aldo Gaxiola,-inf
Branny De Oleo,-inf
Jorge Hernandez,-inf
Cesar Lugo,-inf
Yordalin Pena,-inf
Carlos Gutierrez,-inf
Rashawn Pinder,-inf
Anielson Buten,-inf
Jose Dickson,-inf
Alfredo Guanchez,-inf
Diego Benitez,-inf
Elvin Garcia,-inf
Miguel Blanco,-inf
Rafael Escalante,-inf
Pedro Catuy,-inf
Pedro Roque,-inf
Roni Cabrera,-inf
Juan Martinez,-inf
Roiner Quintana,-inf
Deivis Mosquera,-inf
John Estevez,-inf
Javier Osorio,-inf
Carlos Tirado,-inf
Juarlin Soto,-inf
Alonso Gallegos,-inf
Bryan Acuna,-inf
Christopher Paciolla,-inf
Brian Sanchez,-inf
Jonathan Martinez,-inf
Edgar Basabe,-inf
Juan Sierra,-inf
Victor Torres,-inf
Eduardo Beltre,-inf
Elias Medina,-inf
Kevin Robledo,-inf
Roderick Flores,-inf
Hayden Alvarez,-inf
Yemal Flores,-inf
Gabriel Silva,-inf
Jonathan Mejia,-inf
Yosmar Gimenez,-inf
Ewry Espinal,-inf
Leandro Alsinois,-inf
Maikol Hernández,-inf
Yimy Tovar,-inf
Walker Janek,-inf
Jose Monserrate,-inf
Chandler Pollard,-inf
Jose Monzon,-inf
TJayy Walton,-inf
Ryan Burrowes,-inf
Caleb Pendleton,-inf
Santiago Camacho,-inf
Cole Urman,-inf
Jose Serrano,-inf
Dariel Ramon,-inf
Jorge Lara,-inf
Edrick Felix,-inf
Joendry Vargas,-inf
Carlos Franco,-inf
Angel Acosta,-inf
Nate Soria,-inf
Willy Fanas,-inf
Sam Shaw,-inf
Omar Reyes,-inf
Samil Dishmey,-inf
B.Y. Choi,-inf
Jesus Fernandez,-inf
Jeremy Rodriguez,-inf
Bryan Broecker,-inf
Kaden Hollow,-inf
Nick Schwartz,-inf
Sandy Luciano,-inf
Daniel Jose Lopez,-inf
Keoni Cavaco,-inf
Miguel Rodriguez,-inf
Nomar Velasquez,-inf
Harry Owen,-inf
Darlyn De Leon,-inf
Ryan Johnson,-inf
David Guzman,-inf
Darling Fernandez,-inf
Lizandro Espinoza,-inf
Luis Pino,-inf
Carter Trice,-inf
Colton Vincent,-inf
Chase Valentine,-inf
Tommy White,-inf
Adam Crampton,-inf
Abel Bastidas,-inf
Franyer Noria,-inf
Josueth Quinonez,-inf
Yoiber Ocopio,-inf
Maikel Hernandez,-inf
Félix Amparo,-inf
Darwin De Leon,-inf
Abraham Nunez,-inf
Luis Lameda,-inf
Adrian Gil,-inf
Julio Henriquez,-inf
Ramon Ramirez,-inf
Ryan Reckley,-inf
David Leon,-inf
Gabriel Gomes,-inf
Emil Morales,-inf
Ross Friedrick,-inf
Edward Florentino,-inf
Edgleen Perez,-inf
Luis Pineda,-inf
Kelvin Diaz,-inf
Luiyin Alastre,-inf
Neurelin Montero,-inf
Ronald Ramirez,-inf
Diego Villegas,-inf
Mahki Backstrom,-inf
Jhonny Level,-inf
Jose Camacho,-inf
Juan Mateo,-inf
Jeremy Almonte,-inf
Ilan Fernandez,-inf
Merphy Hernandez,-inf
Mason Bolivar,-inf
Reginald Preciado,-inf
Gabriel Lara,-inf
Yirer Garcia,-inf
Nolan Beltran,-inf
Daje Morales,-inf
Yojackson Laya,-inf
Rabel Colon,-inf
Jose Gonzalez,-inf
Yosander Asencio,-inf
Yeuni Munoz,-inf
Diego Guzman,-inf
Angel Arevalo,-inf
Fran Alduey,-inf
Athanael Duarte,-inf
Addison Kopack,-inf
Logun Clark,-inf
Fernando Caldera,-inf
Christopher Alvarado,-inf
Jakey Josepha,-inf
Angel Diaz,-inf
Isaias Dipre,-inf
Yeycol Soriano,-inf
Ben McCabe,-inf
Jose Cerice,-inf
Yoffry Solano,-inf
Darius Perry,-inf
JT Mabry,-inf
Gabriel Terrero,-inf
Emilio Sanchez,-inf
Jesus Alexander,-inf
Curtis Washington Jr.,-inf
Asbel Gonzalez,-inf
Roinny Aguiar,-inf
Taishi Nakawake,-inf
Stiven Flores,-inf
Larry Martinez,-inf
Danny Cancro,-inf
Roldy Brito,-inf
Diorland Zambrano,-inf
Kendrick Herrera,-inf
Jose Rodriguez,-inf
Santiago Gomez,-inf
German Ortiz,-inf
Dauri Fernandez,-inf
Marcos De La Rosa,-inf
Abdias De La Cruz,-inf
Nate Rombach,-inf
Vincent Perozo,-inf
Kevin Guerrero,-inf
Armando Sierra,-inf
Albert Feliz,-inf
Jacob Jenkins-Cowart,-inf
Yassel Soler,-inf
Moises Polanco,-inf
Tyler Rodriguez,-inf
Chas McCormick,inf
Ceddanne Rafaela,inf
Andrew Benintendi,inf
Wilyer Abreu,inf
Isiah Kiner-Falefa,inf
Luke Raley,inf
Will Smith,inf
Masataka Yoshida,inf
MJ Melendez,inf
Christian Encarnacion-Strand,inf
Michael Conforto,inf
Jo Adell,inf
Ryan Mountcastle,inf
Matt Vierling,inf
Jonny DeLuca,inf
Mike Yastrzemski,inf
Colt Keith,inf
Evan Carter,inf
Brayan Rocchio,inf
Kyle Isbel,inf
Michael Massey,inf
Geraldo Perdomo,inf
Thairo Estrada,inf
J.P. Crawford,inf
Jose Miranda,inf
Kyle Manzardo,inf
Gabriel Moreno,inf
J.T. Realmuto,inf
Jeff McNeil,inf
Jeimer Candelario,inf
Kerry Carpenter,inf
Francisco Alvarez,inf
Carlos Correa,inf
LaMonte Wade Jr.,inf
Heliot Ramos,inf
Nathaniel Lowe,inf
Jordan Westburg,inf
Eugenio Suárez,inf
Jacob Young,inf
Carlos Santana,inf
Alec Bohm,inf
Joc Pederson,inf
Lourdes Gurriel Jr.,inf
Yainer Diaz,inf
Jake Fraley,inf
Joey Ortiz,inf
Josh Jung,inf
Christopher Morel,inf
Josh Bell,inf
Matt Wallner,inf
Nolan Jones,inf
Alec Burleson,inf
Matt Shaw,inf
Tyler Soderstrom,inf
Victor Scott II,inf
Ke'Bryan Hayes,inf
Shea Langeliers,inf
Jake Cronenworth,inf
Brandon Marsh,inf
Trevor Larnach,inf
Jordan Walker,inf
Jarred Kelenic,inf
Brendan Donovan,inf
Iván Herrera,inf
Orlando Arcia,inf
Deyvison De Los Santos,inf
Dairon Blanco,inf
Luis Campusano,inf
Mitch Haniger,inf
Jake Meyers,inf
Heston Kjerstad,inf
Gio Urshela,inf
Leody Taveras,inf
Wilmer Flores,inf
Danny Jansen,inf
Wenceel Pérez,inf
Kristian Campbell,inf
Lenyn Sosa,inf
DJ LeMahieu,inf
Pavin Smith,inf
Hunter Renfroe,inf
Connor Wong,inf
Ernie Clement,inf
Hunter Goodman,inf
Josh Smith,inf
Davis Schneider,inf
Richie Palacios,inf
Nick Yorke,inf
Joey Bart,inf
Tyrone Taylor,inf
Griffin Conine,inf
Garrett Mitchell,inf
Jonathan Aranda,inf
Jhonkensy Noel,inf
Jonah Bride,inf
Anthony Rendon,inf
Edouard Julien,inf
Jordan Beck,inf
Andrew McCutchen,inf
Spencer Horwitz,inf
Logan O'Hoppe,inf
Max Kepler,inf
Starling Marte,inf
Mike Tauchman,inf
Brooks Lee,inf
Kyle Stowers,inf
Austin Wells,inf
Otto Lopez,inf
Kris Bryant,inf
Ryan O'Hearn,inf
Brett Baty,inf
Nick Gonzales,inf
Tyler Stephenson,inf
Miguel Vargas,inf
Keibert Ruiz,inf
Jacob Wilson,inf
Tirso Ornelas,inf
Sal Frelick,inf
Bo Naylor,inf
Jose Siri,inf
Ryan Jeffers,inf
Jackson Holliday,inf
Sean Murphy,inf
José Caballero,inf
Alejandro Kirk,inf
Eguy Rosario,inf
Patrick Bailey,inf
Hyeseong Kim,inf
Gavin Lux,inf
Connor Norby,inf
Dylan Crews,inf
Nolan Schanuel,inf
Anthony Volpe,inf
Matt Olson,inf
Randy Arozarena,inf
Manny Machado,inf
Austin Riley,inf
Christian Walker,inf
James Wood,inf
Teoscar Hernández,inf
Mike Trout,inf
Jackson Merrill,inf
Wyatt Langford,inf
Matt McLain,inf
Ozzie Albies,inf
Marcus Semien,inf
Willy Adames,inf
Ian Happ,inf
William Contreras,inf
Marcell Ozuna,inf
Steven Kwan,inf
Bryan Reynolds,inf
Mark Vientos,inf
Seiya Suzuki,inf
Lane Thomas,inf
Zach Neto,inf
George Springer,inf
Taylor Ward,inf
Corey Seager,inf
Triston Casas,inf
Xavier Edwards,inf
Christian Yelich,inf
Luis Rengifo,inf
Jose Altuve,inf
Rafael Devers,inf
Ronald Acuña Jr.,inf
Sam Hilliard,inf
Bobby Witt Jr.,inf
Aaron Judge,inf
Corbin Carroll,inf
Fernando Tatis Jr.,inf
José Ramírez,inf
Juan Soto,inf
Kyle Tucker,inf
Gunnar Henderson,inf
Julio Rodríguez,inf
Jazz Chisholm Jr.,inf
Mookie Betts,inf
Jackson Chourio,inf
Kyle Schwarber,inf
Francisco Lindor,inf
CJ Abrams,inf
Bryce Harper,inf
Luis Robert Jr.,inf
Vladimir Guerrero Jr.,inf
Yordan Alvarez,inf
Jarren Duran,inf
Michael Harris II,inf
Trea Turner,inf
Brenton Doyle,inf
Oneil Cruz,inf
Lawrence Butler,inf
Freddie Freeman,inf
Brent Rooker,inf
Ketel Marte,inf
Max Muncy,inf
Victor Robles,inf
Bryson Stott,inf
Jonathan India,inf
Jorge Soler,inf
JJ Bleday,inf
Ryan McMahon,inf
Royce Lewis,inf
Nico Hoerner,inf
Gleyber Torres,inf
Maikel Garcia,inf
Tyler Fitzgerald,inf
Michael Toglia,inf
Nick Castellanos,inf
Salvador Perez,inf
Jake Burger,inf
Jesús Sánchez,inf
Adley Rutschman,inf
Brandon Lowe,inf
Tyler O'Neill,inf
Nolan Arenado,inf
Colton Cowser,inf
Luis García Jr.,inf
Giancarlo Stanton,inf
Daulton Varsho,inf
Josh Lowe,inf
Luis Arraez,inf
Tommy Edman,inf
Andrew Vaughn,inf
Rhys Hoskins,inf
Michael Busch,inf
Lars Nootbaar,inf
Jasson Domínguez,inf
Junior Caminero,inf
Jeremy Peña,inf
Pete Crow-Armstrong,inf
Matt Chapman,inf
Adolis García,inf
Riley Greene,inf
Josh Naylor,inf
Spencer Steer,inf
Brice Turang,inf
Cedric Mullins,inf
Vinnie Pasquantino,inf
Paul Goldschmidt,inf
Masyn Winn,inf
Jake McCarthy,inf
Ezequiel Tovar,inf
TJ Friedl,inf
Willi Castro,inf
Andrés Giménez,inf
Yandy Díaz,inf
Willson Contreras,inf
Jung Hoo Lee,inf
Parker Meadows,inf
Bo Bichette,inf
Byron Buxton,inf
Isaac Paredes,inf
Cody Bellinger,inf
Zack Gelof,inf
Dansby Swanson,inf
Trevor Story,inf
Xander Bogaerts,inf
Dylan Moore,inf
Cal Raleigh,inf
Brandon Nimmo,inf
Caleb Durbin,inf
Weston Wilson,inf
Josh Rojas,inf
Daz Cameron,inf
Mike Brosseau,inf
Austin Hedges,inf
Dominic Canzone,inf
Leo Jiménez,inf
Cal Stevenson,inf
Luken Baker,inf
Kameron Misner,inf
Greg Jones,inf
Joey Wiemer,inf
José Fermín,inf
Dominic Fletcher,inf
Kyle McCann,inf
Owen Caissie,inf
Colby Thomas,inf
Bryan Ramos,inf
Carlos D. Rodriguez,inf
Nick Maton,inf
Scott Kingery,inf
Trey Lipscomb,inf
Michael Helman,inf
Curtis Mead,inf
Emmanuel Rodriguez,inf
Jorge Barrosa,inf
Max Acosta,inf
Jose Herrera,inf
Oscar Gonzalez,inf
Travis Bazzana,inf
Michael Stefanic,inf
Eric Haase,inf
Nick Sogard,inf
Garrett Stubbs,inf
James Outman,inf
Payton Eeles,inf
Liam Hicks,inf
Vidal Bruján,inf
Brett Wisely,inf
Alexander Canario,inf
Gabriel Arias,inf
Luis Torrens,inf
Brock Wilken,inf
Nick Senzel,inf
Matt Thaiss,inf
Cooper Bowman,inf
Graham Pauley,inf
Edmundo Sosa,inf
Alex Jackson,inf
Austin Barnes,inf
Luis Matos,inf
Romy Gonzalez,inf
Eric Wagaman,inf
Justyn-Henry Malloy,inf
Eli White,inf
Nick Allen,inf
Juan Yepez,inf
Marco Luciano,inf
Jared Young,inf
Drew Waters,inf
Riley Adams,inf
Jon Singleton,inf
Jared Serna,inf
Nick Dunn,inf
Jakob Marsee,inf
Nick Loftin,inf
Bryce Eldridge,inf
Nick Pratto,inf
Tim Elko,inf
Phil Clarke,inf
Tre' Morgan,inf
Bryan Torres,inf
Emmanuel Rivera,inf
Matt Koperniak,inf
Javier Vaz,inf
Quincy Hamilton,inf
Buddy Kennedy,inf
Ryan Noda,inf
Jhonny Pereda,inf
Jorbit Vivas,inf
Zach Dezenzo,inf
Austin Gauthier,inf
Jimmy Crooks,inf
Rikuu Nishida,inf
Carlos Mendoza,inf
Mark Mathias,inf
Cooper Hummel,inf
Luis De Los Santos,inf
Darren Baker,inf
Rafael Lantigua,inf
Aaron Schunk,inf
River Town,inf
Liover Peguero,inf
Noah Mendlinger,inf
J.C. Escarra,inf
RJ Schreck,inf
Elly De La Cruz,inf
Jason Delay,inf
Trenton Brooks,inf
Luis Vazquez,inf
Tim Tawa,inf
Drew Millas,inf
Zac Veen,inf
Jacob Hurtubise,inf
Nasim Nuñez,inf
Henry Davis,inf
DaShawn Keirsey Jr.,inf
Luke Williams,inf
Max Muncy,inf
Dustin Harris,inf
Jonathon Long,inf
Isaac Collins,inf
Marcelo Mayer,inf
Mickey Gasper,inf
Tyler Gentry,inf
Andrés Chaparro,inf
Wander Franco,inf
Nacho Alvarez Jr.,inf
Moises Ballesteros,inf
Chadwick Tromp,inf
Adael Amador,inf
Ji Hwan Bae,inf
Cavan Biggio,inf
Brett Harris,inf
Ben Rice,inf
Gustavo Campero,inf
Wade Meckler,inf
Niko Kavadas,inf
Cooper Ingle,inf
Rafael Marchán,inf
Enmanuel Valdez,inf
Ildemaro Vargas,inf
Darell Hernaiz,inf
Leo Rivas,inf
Javier Báez,inf
Oswald Peraza,inf
Jonah Heim,inf
Will Benson,inf
Endy Rodríguez,inf
Luisangel Acuña,inf
Mauricio Dubón,inf
Austin Slater,inf
Travis d'Arnaud,inf
Carson Kelly,inf
Juan Brito,inf
Freddy Fermin,inf
Jack Suwinski,inf
Nolan Gorman,inf
Will Brennan,inf
Jerar Encarnacion,inf
Gary Sánchez,inf
Kyle Farmer,inf
Jacob Stallings,inf
Dane Myers,inf
Ramón Urías,inf
Chris Taylor,inf
Bryan De La Cruz,inf
Zach DeLoach,inf
Cole Young,inf
Jose Trevino,inf
Noelvi Marte,inf
Tyler Black,inf
Christian Vázquez,inf
Brooks Baldwin,inf
Christian Moore,inf
Miguel Amaya,inf
Jordan Lawlar,inf
Seth Brown,inf
Johan Rojas,inf
Alek Thomas,inf
José Tena,inf
Andy Pages,inf
Miguel Andujar,inf
Colson Montgomery,inf
Ryan Bliss,inf
Jake Rogers,inf
Joey Loperfido,inf
Oswaldo Cabrera,inf
Billy Cook,inf
Trey Sweeney,inf
Roman Anthony,inf
Taylor Walls,inf
Thomas Saggese,inf
Jace Jung,inf
Mickey Moniak,inf
Mitch Garver,inf
Alex Call,inf
Rob Refsnyder,inf
Joshua Palacios,inf
David Hamilton,inf
Nick Fortes,inf
Ty France,inf
Stuart Fairchild,inf
Kyle Higashioka,inf
Taylor Trammell,inf
Derek Hill,inf
Will Wagner,inf
Oliver Dunn,inf
Addison Barger,inf
Chase Meidroth,inf
Pedro León,inf
Tom Murphy,inf
Luke Keaschall,inf
Ezequiel Duran,inf
Michael Siani,inf
Javier Sanoja,inf
Brady House,inf
Kyle Teel,inf
Ronny Mauricio,inf
Alan Roden,inf
Tyler Freeman,inf
Jonatan Clase,inf
Edgar Quero,inf
Brandon Lockridge,inf
Chandler Simpson,inf
Jorge Mateo,inf
Jared Triolo,inf
Coby Mayo,inf
Andruw Monasterio,inf
Nelson Velázquez,inf
Korey Lee,inf
Tyler Heineman,inf
Blaze Alexander,inf
Shay Whitcomb,inf
Adrian Del Castillo,inf
Drake Baldwin,inf
Max Schuemann,inf
Daniel Schneemann,inf
Gage Workman,inf
Andy Ibáñez,inf
Jake Mangum,inf
Carlos Narvaez,inf
Austin Shenton,inf
Angel Martínez,inf
Nathan Lukes,inf
Spencer Torkelson,inf
Orelvis Martinez,inf
Jacob Melton,inf
Matt Mervis,inf
Zach McKinstry,inf
Amed Rosario,inf
Tyler Wade,inf
David Fry,inf
Carson Williams,inf
Santiago Espinal,inf
Austin Martin,inf
Victor Caratini,inf
Blake Perkins,inf
Esteury Ruiz,inf
Kevin Newman,inf
Dillon Dingler,inf
Drew Romo,inf
Miguel Rojas,inf
Tyler Locklear,inf
Sean Bouchard,inf
Oscar Colás,inf
Brett Sullivan,inf
Ben Rortvedt,inf
Chase DeLauter,inf
Trent Grisham,inf
Pedro Pagés,inf
Vaughn Grissom,inf
Agustin Ramirez,inf
Grant McCray,inf
Shohei Ohtani,inf
